plaque,type,couleur_vehicule,assurance,statut
233 تونس 1831 L,Location,Bleu,Expirée,Non conforme
97 تونس 1674,Privé,Noir,Expirée,Non conforme
04 887167,Gouvernemental,Blanc,Valide,Conforme
191 تونس 2381,Privé,Gris,Valide,Conforme
81 تونس 4981,Privé,Noir,Expirée,Non conforme
114 تونس 2025,Privé,Blanc,Expirée,Non conforme
RS 531508,Régime Spécial,Bleu,Valide,Conforme
86 تونس 9500 L,Location,Rouge,Expirée,Non conforme
20 627327,Gouvernemental,Noir,Expirée,Non conforme
09 426115,Gouvernemental,Noir,Expirée,Non conforme
28 تونس 1673 L,Location,Noir,Valide,Conforme
01 940513,Gouvernemental,Noir,Expirée,Non conforme
RS 880293,Régime Spécial,Rouge,Valide,Conforme
RS 802606,Régime Spécial,Gris,Valide,Conforme
14 938965,Gouvernemental,Noir,Valide,Conforme
RS 874036,Régime Spécial,Bleu,Expirée,Non conforme
77 تونس 4290 L,Location,Bleu,Expirée,Non conforme
RS 119392,Régime Spécial,Gris,Valide,Conforme
71 تونس 3162,Privé,Noir,Expirée,Non conforme
15 699032,Gouvernemental,Rouge,Valide,Conforme
RS 253572,Régime Spécial,Noir,Valide,Conforme
01 403951,Gouvernemental,Noir,Valide,Conforme
11 663834,Gouvernemental,Noir,Valide,Conforme
185 تونس 8956,Privé,Rouge,Valide,Conforme
09 549178,Gouvernemental,Bleu,Expirée,Non conforme
138 تونس 1999 L,Location,Rouge,Expirée,Non conforme
13 159664,Gouvernemental,Gris,Expirée,Non conforme
10 444057,Gouvernemental,Rouge,Expirée,Non conforme
171 تونس 9664 L,Location,Blanc,Valide,Conforme
RS 673282,Régime Spécial,Blanc,Expirée,Non conforme
117 تونس 2459 L,Location,Blanc,Valide,Conforme
167 تونس 4049,Privé,Noir,Valide,Conforme
160 تونس 7369,Privé,Gris,Expirée,Non conforme
17 610774,Gouvernemental,Blanc,Expirée,Non conforme
234 تونس 1798 L,Location,Rouge,Valide,Conforme
01 860418,Gouvernemental,Bleu,Valide,Conforme
09 856224,Gouvernemental,Noir,Expirée,Non conforme
02 735558,Gouvernemental,Rouge,Valide,Conforme
05 931286,Gouvernemental,Gris,Expirée,Non conforme
124 تونس 2686,Privé,Blanc,Valide,Conforme
02 384801,Gouvernemental,Blanc,Valide,Conforme
73 تونس 9916 L,Location,Noir,Valide,Conforme
29 تونس 4646,Privé,Noir,Expirée,Non conforme
116 تونس 1824,Privé,Bleu,Valide,Conforme
65 تونس 4924 L,Location,Blanc,Valide,Conforme
RS 424245,Régime Spécial,Noir,Expirée,Non conforme
190 تونس 8525,Privé,Noir,Expirée,Non conforme
163 تونس 8143,Privé,Bleu,Valide,Conforme
06 978419,Gouvernemental,Rouge,Expirée,Non conforme
55 تونس 7482,Privé,Noir,Expirée,Non conforme
RS 338735,Régime Spécial,Bleu,Expirée,Non conforme
RS 423741,Régime Spécial,Rouge,Valide,Conforme
64 تونس 9488 L,Location,Bleu,Expirée,Non conforme
134 تونس 2174,Privé,Bleu,Expirée,Non conforme
96 تونس 9467 L,Location,Bleu,Valide,Conforme
10 622222,Gouvernemental,Gris,Expirée,Non conforme
15 430086,Gouvernemental,Gris,Valide,Conforme
82 تونس 9130 L,Location,Noir,Expirée,Non conforme
203 تونس 8357,Privé,Gris,Valide,Conforme
93 تونس 7664 L,Location,Gris,Valide,Conforme
04 809236,Gouvernemental,Bleu,Valide,Conforme
204 تونس 5452,Privé,Blanc,Valide,Conforme
RS 169501,Régime Spécial,Rouge,Expirée,Non conforme
02 876215,Gouvernemental,Blanc,Valide,Conforme
232 تونس 2669,Privé,Noir,Valide,Conforme
18 836319,Gouvernemental,Gris,Valide,Conforme
18 تونس 3261 L,Location,Blanc,Valide,Conforme
71 تونس 9610 L,Location,Gris,Expirée,Non conforme
205 تونس 3758 L,Location,Blanc,Expirée,Non conforme
248 تونس 7010 L,Location,Gris,Valide,Conforme
RS 978142,Régime Spécial,Bleu,Valide,Conforme
113 تونس 7488,Privé,Gris,Expirée,Non conforme
RS 772754,Régime Spécial,Noir,Expirée,Non conforme
13 523325,Gouvernemental,Noir,Expirée,Non conforme
58 تونس 1382,Privé,Gris,Valide,Conforme
05 604666,Gouvernemental,Noir,Valide,Conforme
RS 828114,Régime Spécial,Blanc,Valide,Conforme
209 تونس 8829,Privé,Noir,Expirée,Non conforme
RS 822806,Régime Spécial,Blanc,Valide,Conforme
12 624720,Gouvernemental,Blanc,Valide,Conforme
RS 485791,Régime Spécial,Noir,Expirée,Non conforme
20 تونس 8080,Privé,Gris,Expirée,Non conforme
248 تونس 9545 L,Location,Gris,Expirée,Non conforme
121 تونس 2379 L,Location,Gris,Expirée,Non conforme
207 تونس 8510,Privé,Gris,Valide,Conforme
16 983528,Gouvernemental,Bleu,Valide,Conforme
02 537318,Gouvernemental,Blanc,Valide,Conforme
RS 144783,Régime Spécial,Noir,Expirée,Non conforme
32 تونس 2706 L,Location,Rouge,Expirée,Non conforme
198 تونس 4077 L,Location,Rouge,Valide,Conforme
19 822767,Gouvernemental,Blanc,Expirée,Non conforme
197 تونس 5720 L,Location,Bleu,Expirée,Non conforme
191 تونس 7942,Privé,Noir,Expirée,Non conforme
RS 549820,Régime Spécial,Rouge,Expirée,Non conforme
17 694053,Gouvernemental,Rouge,Valide,Conforme
16 تونس 6632,Privé,Noir,Valide,Conforme
154 تونس 1972 L,Location,Noir,Valide,Conforme
98 تونس 8467 L,Location,Rouge,Expirée,Non conforme
49 تونس 7381 L,Location,Noir,Expirée,Non conforme
RS 514378,Régime Spécial,Rouge,Valide,Conforme
RS 391917,Régime Spécial,Noir,Expirée,Non conforme
184 تونس 8803,Privé,Gris,Expirée,Non conforme
231 تونس 1586 L,Location,Noir,Valide,Conforme
07 117656,Gouvernemental,Rouge,Expirée,Non conforme
15 382395,Gouvernemental,Noir,Expirée,Non conforme
RS 272770,Régime Spécial,Noir,Valide,Conforme
07 786928,Gouvernemental,Rouge,Expirée,Non conforme
02 441854,Gouvernemental,Bleu,Expirée,Non conforme
98 تونس 8168 L,Location,Rouge,Expirée,Non conforme
16 903018,Gouvernemental,Bleu,Expirée,Non conforme
07 276047,Gouvernemental,Blanc,Expirée,Non conforme
242 تونس 9470,Privé,Blanc,Valide,Conforme
RS 385829,Régime Spécial,Blanc,Expirée,Non conforme
171 تونس 8952,Privé,Noir,Expirée,Non conforme
140 تونس 2066 L,Location,Blanc,Valide,Conforme
RS 431130,Régime Spécial,Bleu,Expirée,Non conforme
RS 741398,Régime Spécial,Blanc,Valide,Conforme
RS 515629,Régime Spécial,Bleu,Expirée,Non conforme
19 884551,Gouvernemental,Blanc,Valide,Conforme
12 414471,Gouvernemental,Rouge,Valide,Conforme
16 827643,Gouvernemental,Gris,Valide,Conforme
172 تونس 1151 L,Location,Blanc,Valide,Conforme
16 243519,Gouvernemental,Rouge,Valide,Conforme
53 تونس 4084,Privé,Gris,Expirée,Non conforme
20 702094,Gouvernemental,Noir,Valide,Conforme
RS 533359,Régime Spécial,Blanc,Valide,Conforme
25 تونس 9813,Privé,Noir,Valide,Conforme
211 تونس 1460,Privé,Rouge,Valide,Conforme
233 تونس 7001 L,Location,Rouge,Expirée,Non conforme
149 تونس 6013,Privé,Rouge,Expirée,Non conforme
99 تونس 6408 L,Location,Blanc,Valide,Conforme
02 785317,Gouvernemental,Gris,Valide,Conforme
128 تونس 6092,Privé,Rouge,Valide,Conforme
168 تونس 3638,Privé,Blanc,Expirée,Non conforme
18 533976,Gouvernemental,Bleu,Valide,Conforme
126 تونس 7631 L,Location,Rouge,Valide,Conforme
90 تونس 4883 L,Location,Rouge,Valide,Conforme
RS 618727,Régime Spécial,Rouge,Expirée,Non conforme
16 555370,Gouvernemental,Gris,Valide,Conforme
63 تونس 6905 L,Location,Noir,Expirée,Non conforme
13 299291,Gouvernemental,Blanc,Expirée,Non conforme
20 تونس 4498 L,Location,Bleu,Valide,Conforme
RS 352658,Régime Spécial,Blanc,Valide,Conforme
RS 316267,Régime Spécial,Bleu,Valide,Conforme
156 تونس 5342 L,Location,Bleu,Expirée,Non conforme
09 762850,Gouvernemental,Blanc,Valide,Conforme
RS 291433,Régime Spécial,Blanc,Valide,Conforme
102 تونس 6268 L,Location,Noir,Expirée,Non conforme
240 تونس 4159 L,Location,Blanc,Valide,Conforme
124 تونس 6964 L,Location,Noir,Valide,Conforme
175 تونس 5716,Privé,Rouge,Valide,Conforme
160 تونس 8422 L,Location,Rouge,Expirée,Non conforme
233 تونس 8532,Privé,Noir,Expirée,Non conforme
RS 722842,Régime Spécial,Blanc,Expirée,Non conforme
RS 528327,Régime Spécial,Noir,Valide,Conforme
123 تونس 3097,Privé,Noir,Expirée,Non conforme
31 تونس 3032,Privé,Gris,Expirée,Non conforme
231 تونس 1531,Privé,Noir,Valide,Conforme
RS 910734,Régime Spécial,Gris,Expirée,Non conforme
15 277774,Gouvernemental,Noir,Valide,Conforme
101 تونس 1910 L,Location,Blanc,Valide,Conforme
177 تونس 8232 L,Location,Rouge,Expirée,Non conforme
141 تونس 5369 L,Location,Rouge,Expirée,Non conforme
110 تونس 2218 L,Location,Bleu,Expirée,Non conforme
223 تونس 1957 L,Location,Noir,Expirée,Non conforme
17 161429,Gouvernemental,Noir,Valide,Conforme
137 تونس 9629,Privé,Gris,Valide,Conforme
151 تونس 7014,Privé,Blanc,Valide,Conforme
RS 204997,Régime Spécial,Rouge,Valide,Conforme
RS 504987,Régime Spécial,Rouge,Valide,Conforme
06 740598,Gouvernemental,Blanc,Valide,Conforme
18 567775,Gouvernemental,Noir,Valide,Conforme
08 855499,Gouvernemental,Noir,Valide,Conforme
RS 156223,Régime Spécial,Noir,Valide,Conforme
RS 507623,Régime Spécial,Noir,Expirée,Non conforme
151 تونس 7882 L,Location,Noir,Valide,Conforme
RS 568496,Régime Spécial,Blanc,Expirée,Non conforme
162 تونس 4420 L,Location,Rouge,Expirée,Non conforme
109 تونس 2971 L,Location,Noir,Expirée,Non conforme
90 تونس 4198 L,Location,Rouge,Valide,Conforme
RS 656485,Régime Spécial,Noir,Valide,Conforme
RS 392691,Régime Spécial,Rouge,Expirée,Non conforme
RS 325435,Régime Spécial,Rouge,Valide,Conforme
44 تونس 4378,Privé,Bleu,Expirée,Non conforme
12 642591,Gouvernemental,Rouge,Valide,Conforme
14 999840,Gouvernemental,Gris,Valide,Conforme
RS 674499,Régime Spécial,Rouge,Valide,Conforme
RS 855652,Régime Spécial,Blanc,Valide,Conforme
116 تونس 2639,Privé,Blanc,Valide,Conforme
RS 959352,Régime Spécial,Noir,Valide,Conforme
14 288494,Gouvernemental,Blanc,Expirée,Non conforme
248 تونس 2843,Privé,Noir,Expirée,Non conforme
RS 647336,Régime Spécial,Bleu,Valide,Conforme
87 تونس 8194,Privé,Blanc,Valide,Conforme
99 تونس 1958 L,Location,Noir,Expirée,Non conforme
165 تونس 4236 L,Location,Rouge,Valide,Conforme
06 202116,Gouvernemental,Noir,Expirée,Non conforme
RS 676676,Régime Spécial,Gris,Expirée,Non conforme
235 تونس 9507,Privé,Bleu,Expirée,Non conforme
19 716903,Gouvernemental,Blanc,Valide,Conforme
212 تونس 2563,Privé,Gris,Expirée,Non conforme
243 تونس 3850,Privé,Rouge,Expirée,Non conforme
13 791863,Gouvernemental,Gris,Expirée,Non conforme
161 تونس 1421 L,Location,Rouge,Valide,Conforme
36 تونس 3597 L,Location,Bleu,Valide,Conforme
RS 957586,Régime Spécial,Bleu,Expirée,Non conforme
70 تونس 6625,Privé,Blanc,Valide,Conforme
02 409907,Gouvernemental,Rouge,Expirée,Non conforme
128 تونس 1778,Privé,Rouge,Valide,Conforme
17 879395,Gouvernemental,Noir,Expirée,Non conforme
174 تونس 6528,Privé,Noir,Valide,Conforme
121 تونس 5325,Privé,Rouge,Valide,Conforme
RS 914909,Régime Spécial,Bleu,Expirée,Non conforme
11 918538,Gouvernemental,Blanc,Valide,Conforme
236 تونس 5977 L,Location,Blanc,Valide,Conforme
02 557844,Gouvernemental,Rouge,Expirée,Non conforme
158 تونس 2042 L,Location,Bleu,Valide,Conforme
RS 116257,Régime Spécial,Bleu,Valide,Conforme
51 تونس 7330,Privé,Rouge,Expirée,Non conforme
26 تونس 7924 L,Location,Gris,Valide,Conforme
230 تونس 8972,Privé,Gris,Valide,Conforme
19 184828,Gouvernemental,Rouge,Valide,Conforme
87 تونس 8325 L,Location,Rouge,Valide,Conforme
192 تونس 8446 L,Location,Gris,Expirée,Non conforme
02 717423,Gouvernemental,Rouge,Expirée,Non conforme
143 تونس 8950,Privé,Bleu,Expirée,Non conforme
04 995920,Gouvernemental,Rouge,Expirée,Non conforme
233 تونس 2047 L,Location,Blanc,Valide,Conforme
46 تونس 9160 L,Location,Noir,Valide,Conforme
19 تونس 3372 L,Location,Noir,Valide,Conforme
16 تونس 8837,Privé,Gris,Valide,Conforme
23 تونس 1568 L,Location,Bleu,Expirée,Non conforme
244 تونس 3966 L,Location,Rouge,Valide,Conforme
11 تونس 3283 L,Location,Blanc,Expirée,Non conforme
RS 760007,Régime Spécial,Blanc,Expirée,Non conforme
03 743152,Gouvernemental,Bleu,Valide,Conforme
11 242859,Gouvernemental,Rouge,Valide,Conforme
RS 481244,Régime Spécial,Noir,Expirée,Non conforme
90 تونس 6965,Privé,Bleu,Expirée,Non conforme
159 تونس 1576,Privé,Rouge,Expirée,Non conforme
232 تونس 8298 L,Location,Noir,Valide,Conforme
RS 134865,Régime Spécial,Gris,Valide,Conforme
02 566906,Gouvernemental,Rouge,Expirée,Non conforme
15 667171,Gouvernemental,Blanc,Valide,Conforme
RS 408798,Régime Spécial,Blanc,Expirée,Non conforme
15 تونس 9225 L,Location,Rouge,Valide,Conforme
RS 957778,Régime Spécial,Bleu,Expirée,Non conforme
02 987944,Gouvernemental,Noir,Expirée,Non conforme
68 تونس 1440,Privé,Bleu,Valide,Conforme
130 تونس 2687,Privé,Gris,Expirée,Non conforme
18 573143,Gouvernemental,Noir,Expirée,Non conforme
36 تونس 5155 L,Location,Noir,Expirée,Non conforme
RS 731451,Régime Spécial,Bleu,Expirée,Non conforme
RS 427633,Régime Spécial,Noir,Expirée,Non conforme
226 تونس 7702,Privé,Rouge,Expirée,Non conforme
70 تونس 4050 L,Location,Rouge,Valide,Conforme
RS 540942,Régime Spécial,Bleu,Valide,Conforme
110 تونس 8298 L,Location,Blanc,Expirée,Non conforme
16 717157,Gouvernemental,Bleu,Expirée,Non conforme
176 تونس 3366,Privé,Gris,Valide,Conforme
RS 169035,Régime Spécial,Gris,Expirée,Non conforme
09 197610,Gouvernemental,Blanc,Expirée,Non conforme
14 558721,Gouvernemental,Rouge,Expirée,Non conforme
209 تونس 3013,Privé,Gris,Valide,Conforme
RS 842405,Régime Spécial,Bleu,Expirée,Non conforme
RS 654209,Régime Spécial,Gris,Expirée,Non conforme
153 تونس 1081,Privé,Noir,Expirée,Non conforme
241 تونس 4085,Privé,Noir,Expirée,Non conforme
151 تونس 6002,Privé,Rouge,Valide,Conforme
07 325666,Gouvernemental,Rouge,Expirée,Non conforme
127 تونس 5824 L,Location,Rouge,Expirée,Non conforme
20 954151,Gouvernemental,Rouge,Valide,Conforme
16 506063,Gouvernemental,Gris,Valide,Conforme
RS 322361,Régime Spécial,Rouge,Valide,Conforme
RS 445699,Régime Spécial,Rouge,Valide,Conforme
18 894929,Gouvernemental,Bleu,Valide,Conforme
11 تونس 1027 L,Location,Blanc,Valide,Conforme
246 تونس 9285,Privé,Noir,Valide,Conforme
RS 164643,Régime Spécial,Rouge,Expirée,Non conforme
06 299648,Gouvernemental,Rouge,Valide,Conforme
RS 767203,Régime Spécial,Blanc,Expirée,Non conforme
RS 310120,Régime Spécial,Blanc,Valide,Conforme
81 تونس 9398 L,Location,Rouge,Expirée,Non conforme
19 425886,Gouvernemental,Bleu,Valide,Conforme
223 تونس 8775,Privé,Rouge,Valide,Conforme
222 تونس 1207 L,Location,Noir,Expirée,Non conforme
226 تونس 5207 L,Location,Rouge,Valide,Conforme
RS 107484,Régime Spécial,Gris,Valide,Conforme
234 تونس 5975,Privé,Noir,Valide,Conforme
RS 493717,Régime Spécial,Noir,Valide,Conforme
RS 106973,Régime Spécial,Blanc,Expirée,Non conforme
01 190387,Gouvernemental,Bleu,Valide,Conforme
223 تونس 9553 L,Location,Blanc,Valide,Conforme
RS 652564,Régime Spécial,Bleu,Expirée,Non conforme
01 794400,Gouvernemental,Gris,Expirée,Non conforme
91 تونس 3441 L,Location,Blanc,Expirée,Non conforme
117 تونس 7623,Privé,Blanc,Expirée,Non conforme
13 102323,Gouvernemental,Bleu,Expirée,Non conforme
175 تونس 6686,Privé,Rouge,Valide,Conforme
08 392036,Gouvernemental,Bleu,Valide,Conforme
111 تونس 7139,Privé,Noir,Expirée,Non conforme
RS 589466,Régime Spécial,Rouge,Expirée,Non conforme
RS 550492,Régime Spécial,Gris,Valide,Conforme
12 تونس 6494,Privé,Gris,Valide,Conforme
02 434251,Gouvernemental,Rouge,Expirée,Non conforme
RS 108651,Régime Spécial,Noir,Expirée,Non conforme
28 تونس 3287,Privé,Gris,Expirée,Non conforme
04 837249,Gouvernemental,Bleu,Valide,Conforme
231 تونس 1768,Privé,Bleu,Expirée,Non conforme
64 تونس 1561,Privé,Gris,Expirée,Non conforme
213 تونس 3705 L,Location,Gris,Expirée,Non conforme
13 914533,Gouvernemental,Bleu,Valide,Conforme
181 تونس 7535 L,Location,Bleu,Expirée,Non conforme
40 تونس 4908 L,Location,Blanc,Expirée,Non conforme
09 824284,Gouvernemental,Rouge,Valide,Conforme
RS 907453,Régime Spécial,Rouge,Expirée,Non conforme
RS 883820,Régime Spécial,Bleu,Expirée,Non conforme
165 تونس 4590,Privé,Bleu,Valide,Conforme
RS 766448,Régime Spécial,Bleu,Valide,Conforme
116 تونس 4221 L,Location,Gris,Expirée,Non conforme
01 152736,Gouvernemental,Gris,Valide,Conforme
63 تونس 3923,Privé,Rouge,Valide,Conforme
17 792435,Gouvernemental,Rouge,Valide,Conforme
96 تونس 9862 L,Location,Gris,Valide,Conforme
29 تونس 2635,Privé,Bleu,Valide,Conforme
64 تونس 8990 L,Location,Blanc,Expirée,Non conforme
12 تونس 8185 L,Location,Blanc,Expirée,Non conforme
14 تونس 2525,Privé,Blanc,Valide,Conforme
RS 755666,Régime Spécial,Blanc,Expirée,Non conforme
11 809163,Gouvernemental,Bleu,Expirée,Non conforme
RS 355085,Régime Spécial,Bleu,Expirée,Non conforme
165 تونس 1066 L,Location,Noir,Expirée,Non conforme
202 تونس 7480 L,Location,Rouge,Valide,Conforme
RS 828551,Régime Spécial,Noir,Valide,Conforme
08 734242,Gouvernemental,Rouge,Valide,Conforme
31 تونس 7251,Privé,Noir,Valide,Conforme
221 تونس 3166 L,Location,Bleu,Valide,Conforme
RS 992519,Régime Spécial,Noir,Valide,Conforme
05 323361,Gouvernemental,Bleu,Valide,Conforme
RS 817124,Régime Spécial,Bleu,Expirée,Non conforme
120 تونس 7432,Privé,Rouge,Valide,Conforme
05 513153,Gouvernemental,Bleu,Expirée,Non conforme
66 تونس 4031 L,Location,Gris,Valide,Conforme
203 تونس 9001 L,Location,Gris,Valide,Conforme
221 تونس 3570,Privé,Blanc,Expirée,Non conforme
94 تونس 7647 L,Location,Noir,Expirée,Non conforme
RS 441114,Régime Spécial,Noir,Valide,Conforme
205 تونس 3080,Privé,Bleu,Valide,Conforme
250 تونس 4139 L,Location,Blanc,Valide,Conforme
04 341405,Gouvernemental,Bleu,Valide,Conforme
RS 429188,Régime Spécial,Blanc,Expirée,Non conforme
RS 364488,Régime Spécial,Rouge,Valide,Conforme
16 370626,Gouvernemental,Gris,Expirée,Non conforme
12 387358,Gouvernemental,Blanc,Valide,Conforme
RS 324160,Régime Spécial,Bleu,Valide,Conforme
222 تونس 6422,Privé,Blanc,Expirée,Non conforme
216 تونس 8191 L,Location,Bleu,Valide,Conforme
10 437070,Gouvernemental,Rouge,Expirée,Non conforme
RS 552495,Régime Spécial,Noir,Expirée,Non conforme
04 893093,Gouvernemental,Bleu,Valide,Conforme
91 تونس 7602 L,Location,Bleu,Expirée,Non conforme
230 تونس 8909,Privé,Blanc,Valide,Conforme
43 تونس 9498,Privé,Rouge,Valide,Conforme
101 تونس 7187 L,Location,Bleu,Expirée,Non conforme
05 687650,Gouvernemental,Bleu,Expirée,Non conforme
65 تونس 6898 L,Location,Rouge,Expirée,Non conforme
152 تونس 1334,Privé,Blanc,Expirée,Non conforme
RS 145070,Régime Spécial,Gris,Expirée,Non conforme
173 تونس 5481,Privé,Gris,Valide,Conforme
02 190059,Gouvernemental,Blanc,Valide,Conforme
RS 718984,Régime Spécial,Bleu,Valide,Conforme
08 239645,Gouvernemental,Bleu,Valide,Conforme
RS 361251,Régime Spécial,Blanc,Valide,Conforme
RS 595901,Régime Spécial,Noir,Valide,Conforme
180 تونس 7230,Privé,Rouge,Expirée,Non conforme
RS 593771,Régime Spécial,Bleu,Expirée,Non conforme
18 891367,Gouvernemental,Noir,Expirée,Non conforme
123 تونس 1492 L,Location,Noir,Expirée,Non conforme
10 946068,Gouvernemental,Rouge,Valide,Conforme
93 تونس 8392 L,Location,Bleu,Valide,Conforme
17 150326,Gouvernemental,Bleu,Valide,Conforme
RS 234945,Régime Spécial,Bleu,Expirée,Non conforme
215 تونس 9634 L,Location,Gris,Expirée,Non conforme
108 تونس 7791 L,Location,Bleu,Valide,Conforme
86 تونس 2871,Privé,Rouge,Valide,Conforme
146 تونس 8616 L,Location,Bleu,Expirée,Non conforme
13 611856,Gouvernemental,Noir,Expirée,Non conforme
44 تونس 5939 L,Location,Blanc,Valide,Conforme
RS 422107,Régime Spécial,Noir,Valide,Conforme
RS 831393,Régime Spécial,Gris,Valide,Conforme
241 تونس 4659 L,Location,Gris,Expirée,Non conforme
07 252020,Gouvernemental,Bleu,Expirée,Non conforme
53 تونس 1701,Privé,Noir,Expirée,Non conforme
19 تونس 5102 L,Location,Noir,Valide,Conforme
205 تونس 6835 L,Location,Gris,Valide,Conforme
75 تونس 8472 L,Location,Bleu,Valide,Conforme
08 903700,Gouvernemental,Noir,Valide,Conforme
172 تونس 3441,Privé,Bleu,Expirée,Non conforme
73 تونس 9583 L,Location,Noir,Valide,Conforme
RS 235483,Régime Spécial,Noir,Valide,Conforme
168 تونس 7210,Privé,Rouge,Expirée,Non conforme
58 تونس 6734,Privé,Gris,Expirée,Non conforme
118 تونس 4315,Privé,Bleu,Valide,Conforme
135 تونس 9584,Privé,Noir,Expirée,Non conforme
RS 416847,Régime Spécial,Bleu,Valide,Conforme
51 تونس 7930,Privé,Rouge,Expirée,Non conforme
11 829272,Gouvernemental,Noir,Valide,Conforme
225 تونس 4065,Privé,Rouge,Valide,Conforme
122 تونس 6282 L,Location,Rouge,Expirée,Non conforme
RS 386014,Régime Spécial,Blanc,Expirée,Non conforme
08 644305,Gouvernemental,Bleu,Valide,Conforme
223 تونس 7362 L,Location,Blanc,Expirée,Non conforme
11 516353,Gouvernemental,Noir,Expirée,Non conforme
141 تونس 1859 L,Location,Bleu,Valide,Conforme
04 456062,Gouvernemental,Bleu,Valide,Conforme
15 814980,Gouvernemental,Noir,Expirée,Non conforme
RS 636547,Régime Spécial,Gris,Expirée,Non conforme
01 455024,Gouvernemental,Noir,Valide,Conforme
17 تونس 8152 L,Location,Rouge,Valide,Conforme
RS 719309,Régime Spécial,Noir,Expirée,Non conforme
RS 542775,Régime Spécial,Bleu,Valide,Conforme
115 تونس 1984 L,Location,Rouge,Valide,Conforme
199 تونس 8116,Privé,Blanc,Expirée,Non conforme
12 408067,Gouvernemental,Gris,Expirée,Non conforme
53 تونس 6138 L,Location,Noir,Valide,Conforme
205 تونس 3935 L,Location,Bleu,Valide,Conforme
204 تونس 9934,Privé,Noir,Valide,Conforme
RS 121154,Régime Spécial,Bleu,Valide,Conforme
13 567840,Gouvernemental,Bleu,Valide,Conforme
174 تونس 3604 L,Location,Gris,Valide,Conforme
75 تونس 7658 L,Location,Blanc,Expirée,Non conforme
RS 743743,Régime Spécial,Rouge,Expirée,Non conforme
RS 583928,Régime Spécial,Bleu,Expirée,Non conforme
04 120947,Gouvernemental,Blanc,Expirée,Non conforme
148 تونس 3479,Privé,Gris,Expirée,Non conforme
72 تونس 1249,Privé,Gris,Valide,Conforme
RS 515308,Régime Spécial,Gris,Expirée,Non conforme
37 تونس 2881,Privé,Gris,Expirée,Non conforme
185 تونس 2058 L,Location,Gris,Expirée,Non conforme
86 تونس 8293 L,Location,Blanc,Expirée,Non conforme
RS 965890,Régime Spécial,Gris,Expirée,Non conforme
133 تونس 5607,Privé,Rouge,Expirée,Non conforme
10 909220,Gouvernemental,Rouge,Expirée,Non conforme
RS 740165,Régime Spécial,Bleu,Expirée,Non conforme
17 436477,Gouvernemental,Bleu,Valide,Conforme
100 تونس 3819,Privé,Rouge,Expirée,Non conforme
RS 986295,Régime Spécial,Bleu,Valide,Conforme
RS 910335,Régime Spécial,Rouge,Valide,Conforme
162 تونس 8921,Privé,Noir,Valide,Conforme
RS 380852,Régime Spécial,Blanc,Valide,Conforme
30 تونس 4032 L,Location,Rouge,Valide,Conforme
100 تونس 8665,Privé,Blanc,Valide,Conforme
154 تونس 4127,Privé,Noir,Expirée,Non conforme
160 تونس 1574,Privé,Bleu,Expirée,Non conforme
33 تونس 3425 L,Location,Blanc,Expirée,Non conforme
RS 370415,Régime Spécial,Noir,Expirée,Non conforme
RS 349590,Régime Spécial,Bleu,Expirée,Non conforme
11 114151,Gouvernemental,Blanc,Valide,Conforme
18 810000,Gouvernemental,Blanc,Expirée,Non conforme
216 تونس 1932 L,Location,Noir,Expirée,Non conforme
RS 546809,Régime Spécial,Gris,Expirée,Non conforme
RS 475944,Régime Spécial,Blanc,Expirée,Non conforme
202 تونس 4956,Privé,Rouge,Valide,Conforme
RS 986600,Régime Spécial,Blanc,Expirée,Non conforme
13 489531,Gouvernemental,Gris,Valide,Conforme
RS 545450,Régime Spécial,Rouge,Expirée,Non conforme
RS 949286,Régime Spécial,Blanc,Valide,Conforme
139 تونس 4560 L,Location,Blanc,Expirée,Non conforme
RS 486710,Régime Spécial,Bleu,Valide,Conforme
178 تونس 1762 L,Location,Gris,Expirée,Non conforme
110 تونس 4199,Privé,Blanc,Valide,Conforme
13 359467,Gouvernemental,Bleu,Expirée,Non conforme
108 تونس 7796,Privé,Blanc,Expirée,Non conforme
242 تونس 6722 L,Location,Gris,Valide,Conforme
RS 867821,Régime Spécial,Rouge,Expirée,Non conforme
205 تونس 3398 L,Location,Noir,Valide,Conforme
RS 104088,Régime Spécial,Blanc,Valide,Conforme
220 تونس 7851,Privé,Gris,Valide,Conforme
RS 832524,Régime Spécial,Gris,Valide,Conforme
20 673853,Gouvernemental,Blanc,Expirée,Non conforme
RS 716329,Régime Spécial,Rouge,Valide,Conforme
134 تونس 5995,Privé,Bleu,Expirée,Non conforme
10 903162,Gouvernemental,Rouge,Expirée,Non conforme
06 162995,Gouvernemental,Blanc,Expirée,Non conforme
RS 393569,Régime Spécial,Rouge,Valide,Conforme
121 تونس 4567,Privé,Gris,Valide,Conforme
168 تونس 3369,Privé,Bleu,Valide,Conforme
RS 518887,Régime Spécial,Blanc,Expirée,Non conforme
234 تونس 6516,Privé,Noir,Valide,Conforme
RS 403441,Régime Spécial,Noir,Valide,Conforme
RS 875105,Régime Spécial,Blanc,Valide,Conforme
240 تونس 3098 L,Location,Noir,Valide,Conforme
112 تونس 5808 L,Location,Noir,Expirée,Non conforme
81 تونس 6268,Privé,Blanc,Expirée,Non conforme
16 971728,Gouvernemental,Noir,Expirée,Non conforme
13 870460,Gouvernemental,Gris,Expirée,Non conforme
84 تونس 8608 L,Location,Noir,Valide,Conforme
246 تونس 5886 L,Location,Rouge,Expirée,Non conforme
155 تونس 2175 L,Location,Rouge,Valide,Conforme
15 743844,Gouvernemental,Rouge,Valide,Conforme
19 717919,Gouvernemental,Blanc,Expirée,Non conforme
131 تونس 7606,Privé,Rouge,Expirée,Non conforme
192 تونس 7542 L,Location,Noir,Valide,Conforme
77 تونس 3092 L,Location,Bleu,Expirée,Non conforme
227 تونس 6286 L,Location,Bleu,Expirée,Non conforme
50 تونس 5465 L,Location,Bleu,Expirée,Non conforme
RS 354342,Régime Spécial,Bleu,Expirée,Non conforme
37 تونس 7004,Privé,Gris,Expirée,Non conforme
12 814411,Gouvernemental,Rouge,Valide,Conforme
07 851502,Gouvernemental,Blanc,Expirée,Non conforme
09 817637,Gouvernemental,Bleu,Expirée,Non conforme
61 تونس 6004,Privé,Bleu,Expirée,Non conforme
RS 530301,Régime Spécial,Bleu,Expirée,Non conforme
14 737269,Gouvernemental,Rouge,Expirée,Non conforme
219 تونس 8528 L,Location,Bleu,Expirée,Non conforme
RS 462184,Régime Spécial,Gris,Valide,Conforme
19 تونس 7124 L,Location,Blanc,Valide,Conforme
01 391956,Gouvernemental,Noir,Valide,Conforme
RS 801343,Régime Spécial,Bleu,Valide,Conforme
118 تونس 4941 L,Location,Gris,Expirée,Non conforme
156 تونس 9493 L,Location,Gris,Expirée,Non conforme
RS 913765,Régime Spécial,Bleu,Expirée,Non conforme
10 831261,Gouvernemental,Bleu,Expirée,Non conforme
148 تونس 3834,Privé,Blanc,Valide,Conforme
12 670914,Gouvernemental,Blanc,Valide,Conforme
RS 148687,Régime Spécial,Noir,Valide,Conforme
RS 345860,Régime Spécial,Gris,Expirée,Non conforme
147 تونس 2506,Privé,Bleu,Valide,Conforme
RS 119119,Régime Spécial,Noir,Expirée,Non conforme
31 تونس 1158 L,Location,Bleu,Expirée,Non conforme
RS 461908,Régime Spécial,Blanc,Valide,Conforme
RS 495261,Régime Spécial,Rouge,Expirée,Non conforme
128 تونس 8686 L,Location,Gris,Expirée,Non conforme
RS 483218,Régime Spécial,Rouge,Valide,Conforme
108 تونس 6805 L,Location,Bleu,Expirée,Non conforme
15 765055,Gouvernemental,Bleu,Valide,Conforme
RS 864309,Régime Spécial,Rouge,Valide,Conforme
RS 909285,Régime Spécial,Rouge,Expirée,Non conforme
89 تونس 6498 L,Location,Gris,Valide,Conforme
03 341774,Gouvernemental,Noir,Expirée,Non conforme
164 تونس 5216 L,Location,Bleu,Expirée,Non conforme
196 تونس 1605 L,Location,Rouge,Valide,Conforme
192 تونس 5918,Privé,Gris,Valide,Conforme
175 تونس 6191,Privé,Bleu,Valide,Conforme
42 تونس 3890 L,Location,Rouge,Expirée,Non conforme
14 699887,Gouvernemental,Bleu,Expirée,Non conforme
17 245360,Gouvernemental,Gris,Valide,Conforme
01 590117,Gouvernemental,Blanc,Expirée,Non conforme
49 تونس 2020,Privé,Bleu,Expirée,Non conforme
19 864988,Gouvernemental,Bleu,Expirée,Non conforme
02 597496,Gouvernemental,Gris,Expirée,Non conforme
17 646714,Gouvernemental,Noir,Expirée,Non conforme
206 تونس 3665 L,Location,Rouge,Expirée,Non conforme
102 تونس 7617 L,Location,Bleu,Expirée,Non conforme
11 295975,Gouvernemental,Blanc,Valide,Conforme
44 تونس 5811 L,Location,Gris,Expirée,Non conforme
238 تونس 4494,Privé,Bleu,Valide,Conforme
225 تونس 6031,Privé,Noir,Valide,Conforme
201 تونس 9080 L,Location,Rouge,Expirée,Non conforme
45 تونس 8122 L,Location,Blanc,Expirée,Non conforme
200 تونس 6192 L,Location,Noir,Valide,Conforme
66 تونس 9138 L,Location,Rouge,Expirée,Non conforme
95 تونس 3139,Privé,Gris,Valide,Conforme
RS 566482,Régime Spécial,Rouge,Valide,Conforme
15 980784,Gouvernemental,Gris,Valide,Conforme
18 تونس 4318,Privé,Rouge,Expirée,Non conforme
16 258052,Gouvernemental,Noir,Valide,Conforme
187 تونس 6159 L,Location,Rouge,Valide,Conforme
52 تونس 3796,Privé,Gris,Valide,Conforme
RS 248037,Régime Spécial,Bleu,Expirée,Non conforme
148 تونس 1888 L,Location,Rouge,Expirée,Non conforme
169 تونس 7308,Privé,Rouge,Expirée,Non conforme
103 تونس 2221,Privé,Noir,Valide,Conforme
109 تونس 1619 L,Location,Rouge,Valide,Conforme
RS 220047,Régime Spécial,Rouge,Valide,Conforme
19 368435,Gouvernemental,Bleu,Expirée,Non conforme
238 تونس 1226,Privé,Gris,Expirée,Non conforme
31 تونس 9679 L,Location,Gris,Expirée,Non conforme
55 تونس 5703,Privé,Gris,Expirée,Non conforme
15 858131,Gouvernemental,Rouge,Valide,Conforme
63 تونس 2996 L,Location,Rouge,Expirée,Non conforme
RS 747729,Régime Spécial,Noir,Valide,Conforme
04 798295,Gouvernemental,Rouge,Expirée,Non conforme
100 تونس 3705 L,Location,Bleu,Valide,Conforme
12 282794,Gouvernemental,Rouge,Valide,Conforme
76 تونس 2412 L,Location,Noir,Valide,Conforme
21 تونس 6440 L,Location,Rouge,Valide,Conforme
23 تونس 8804 L,Location,Rouge,Valide,Conforme
11 201427,Gouvernemental,Noir,Valide,Conforme
RS 566697,Régime Spécial,Bleu,Valide,Conforme
104 تونس 3254,Privé,Gris,Expirée,Non conforme
184 تونس 8970,Privé,Blanc,Expirée,Non conforme
174 تونس 1335,Privé,Noir,Valide,Conforme
15 771790,Gouvernemental,Rouge,Expirée,Non conforme
RS 288207,Régime Spécial,Noir,Valide,Conforme
11 963824,Gouvernemental,Noir,Valide,Conforme
51 تونس 2980,Privé,Blanc,Valide,Conforme
08 475099,Gouvernemental,Bleu,Expirée,Non conforme
14 957249,Gouvernemental,Noir,Valide,Conforme
20 347220,Gouvernemental,Blanc,Expirée,Non conforme
48 تونس 1404 L,Location,Rouge,Valide,Conforme
213 تونس 3116,Privé,Gris,Valide,Conforme
RS 184512,Régime Spécial,Bleu,Valide,Conforme
101 تونس 6186 L,Location,Rouge,Valide,Conforme
78 تونس 4812,Privé,Gris,Expirée,Non conforme
17 241064,Gouvernemental,Rouge,Expirée,Non conforme
01 497200,Gouvernemental,Gris,Valide,Conforme
09 646120,Gouvernemental,Blanc,Expirée,Non conforme
123 تونس 5887 L,Location,Rouge,Valide,Conforme
RS 165529,Régime Spécial,Gris,Expirée,Non conforme
199 تونس 7593,Privé,Blanc,Expirée,Non conforme
161 تونس 9056 L,Location,Bleu,Valide,Conforme
RS 429290,Régime Spécial,Blanc,Expirée,Non conforme
212 تونس 9181,Privé,Rouge,Valide,Conforme
RS 686253,Régime Spécial,Bleu,Valide,Conforme
187 تونس 3764,Privé,Bleu,Expirée,Non conforme
126 تونس 5509 L,Location,Bleu,Valide,Conforme
RS 941650,Régime Spécial,Gris,Valide,Conforme
RS 927450,Régime Spécial,Noir,Valide,Conforme
RS 507215,Régime Spécial,Gris,Expirée,Non conforme
RS 228912,Régime Spécial,Bleu,Valide,Conforme
235 تونس 6968 L,Location,Blanc,Valide,Conforme
212 تونس 5098 L,Location,Bleu,Expirée,Non conforme
11 362745,Gouvernemental,Bleu,Expirée,Non conforme
RS 430344,Régime Spécial,Rouge,Valide,Conforme
71 تونس 4234 L,Location,Gris,Valide,Conforme
06 909296,Gouvernemental,Noir,Valide,Conforme
RS 145463,Régime Spécial,Blanc,Expirée,Non conforme
01 864319,Gouvernemental,Blanc,Expirée,Non conforme
13 733820,Gouvernemental,Rouge,Valide,Conforme
07 156799,Gouvernemental,Gris,Valide,Conforme
80 تونس 7699 L,Location,Blanc,Expirée,Non conforme
RS 375330,Régime Spécial,Bleu,Expirée,Non conforme
RS 580130,Régime Spécial,Gris,Expirée,Non conforme
11 559986,Gouvernemental,Bleu,Expirée,Non conforme
RS 872048,Régime Spécial,Noir,Expirée,Non conforme
26 تونس 7301,Privé,Rouge,Valide,Conforme
18 987303,Gouvernemental,Rouge,Valide,Conforme
182 تونس 9460 L,Location,Blanc,Expirée,Non conforme
17 تونس 4051 L,Location,Rouge,Expirée,Non conforme
21 تونس 6295 L,Location,Gris,Expirée,Non conforme
166 تونس 6223 L,Location,Noir,Valide,Conforme
RS 107894,Régime Spécial,Bleu,Valide,Conforme
04 628823,Gouvernemental,Gris,Expirée,Non conforme
03 641759,Gouvernemental,Gris,Expirée,Non conforme
136 تونس 8030,Privé,Gris,Expirée,Non conforme
30 تونس 2370 L,Location,Noir,Valide,Conforme
91 تونس 1035,Privé,Noir,Expirée,Non conforme
05 181665,Gouvernemental,Blanc,Expirée,Non conforme
15 483435,Gouvernemental,Gris,Valide,Conforme
203 تونس 4200,Privé,Bleu,Valide,Conforme
16 تونس 8861,Privé,Blanc,Expirée,Non conforme
14 711024,Gouvernemental,Gris,Valide,Conforme
176 تونس 7894,Privé,Rouge,Valide,Conforme
07 479199,Gouvernemental,Rouge,Expirée,Non conforme
16 تونس 9081,Privé,Bleu,Expirée,Non conforme
16 107462,Gouvernemental,Gris,Valide,Conforme
164 تونس 2716 L,Location,Blanc,Expirée,Non conforme
135 تونس 8383 L,Location,Noir,Expirée,Non conforme
20 948615,Gouvernemental,Blanc,Expirée,Non conforme
128 تونس 3645,Privé,Noir,Valide,Conforme
18 تونس 3301 L,Location,Gris,Valide,Conforme
RS 347898,Régime Spécial,Rouge,Valide,Conforme
15 560091,Gouvernemental,Gris,Expirée,Non conforme
218 تونس 3633 L,Location,Bleu,Expirée,Non conforme
219 تونس 3439 L,Location,Bleu,Expirée,Non conforme
RS 556977,Régime Spécial,Gris,Expirée,Non conforme
105 تونس 1909,Privé,Rouge,Valide,Conforme
23 تونس 4314,Privé,Gris,Valide,Conforme
178 تونس 2919 L,Location,Blanc,Expirée,Non conforme
RS 352951,Régime Spécial,Bleu,Valide,Conforme
142 تونس 9055 L,Location,Gris,Expirée,Non conforme
12 691847,Gouvernemental,Gris,Expirée,Non conforme
RS 542366,Régime Spécial,Noir,Valide,Conforme
03 142899,Gouvernemental,Noir,Expirée,Non conforme
61 تونس 6316 L,Location,Blanc,Expirée,Non conforme
143 تونس 4677,Privé,Gris,Expirée,Non conforme
21 تونس 1566 L,Location,Blanc,Expirée,Non conforme
194 تونس 7846 L,Location,Bleu,Expirée,Non conforme
136 تونس 3768,Privé,Gris,Valide,Conforme
11 582278,Gouvernemental,Rouge,Valide,Conforme
12 528284,Gouvernemental,Noir,Expirée,Non conforme
126 تونس 4594,Privé,Gris,Valide,Conforme
13 تونس 4559 L,Location,Noir,Expirée,Non conforme
19 945103,Gouvernemental,Bleu,Expirée,Non conforme
58 تونس 7527 L,Location,Gris,Valide,Conforme
RS 913602,Régime Spécial,Rouge,Valide,Conforme
191 تونس 6247,Privé,Gris,Expirée,Non conforme
244 تونس 4217,Privé,Gris,Valide,Conforme
19 450043,Gouvernemental,Rouge,Expirée,Non conforme
RS 390539,Régime Spécial,Blanc,Valide,Conforme
102 تونس 6702 L,Location,Bleu,Expirée,Non conforme
151 تونس 5387,Privé,Bleu,Expirée,Non conforme
31 تونس 5655,Privé,Gris,Expirée,Non conforme
173 تونس 4794,Privé,Noir,Valide,Conforme
69 تونس 7358 L,Location,Gris,Valide,Conforme
RS 791202,Régime Spécial,Bleu,Expirée,Non conforme
19 791471,Gouvernemental,Gris,Expirée,Non conforme
05 721482,Gouvernemental,Bleu,Expirée,Non conforme
RS 729786,Régime Spécial,Gris,Valide,Conforme
171 تونس 8145,Privé,Rouge,Valide,Conforme
10 تونس 4401,Privé,Gris,Valide,Conforme
07 588391,Gouvernemental,Blanc,Valide,Conforme
223 تونس 3621 L,Location,Gris,Valide,Conforme
RS 329777,Régime Spécial,Noir,Expirée,Non conforme
113 تونس 5794,Privé,Rouge,Expirée,Non conforme
RS 156418,Régime Spécial,Noir,Expirée,Non conforme
247 تونس 4794,Privé,Blanc,Expirée,Non conforme
79 تونس 5410,Privé,Noir,Expirée,Non conforme
RS 941388,Régime Spécial,Bleu,Expirée,Non conforme
35 تونس 1922 L,Location,Rouge,Expirée,Non conforme
RS 213026,Régime Spécial,Rouge,Valide,Conforme
10 125838,Gouvernemental,Bleu,Expirée,Non conforme
RS 354372,Régime Spécial,Rouge,Valide,Conforme
38 تونس 7921,Privé,Blanc,Expirée,Non conforme
59 تونس 7605,Privé,Noir,Valide,Conforme
RS 783298,Régime Spécial,Gris,Valide,Conforme
RS 811270,Régime Spécial,Bleu,Expirée,Non conforme
78 تونس 2214 L,Location,Rouge,Valide,Conforme
07 784821,Gouvernemental,Blanc,Expirée,Non conforme
38 تونس 6262 L,Location,Blanc,Expirée,Non conforme
221 تونس 8543 L,Location,Blanc,Valide,Conforme
131 تونس 2144,Privé,Rouge,Expirée,Non conforme
RS 602050,Régime Spécial,Bleu,Expirée,Non conforme
RS 373218,Régime Spécial,Rouge,Expirée,Non conforme
53 تونس 3008 L,Location,Bleu,Valide,Conforme
RS 894208,Régime Spécial,Blanc,Valide,Conforme
69 تونس 1736,Privé,Gris,Valide,Conforme
20 998801,Gouvernemental,Gris,Expirée,Non conforme
RS 891916,Régime Spécial,Rouge,Expirée,Non conforme
32 تونس 4610,Privé,Gris,Expirée,Non conforme
14 تونس 1566 L,Location,Rouge,Valide,Conforme
RS 789842,Régime Spécial,Bleu,Valide,Conforme
10 856285,Gouvernemental,Gris,Expirée,Non conforme
RS 224380,Régime Spécial,Rouge,Valide,Conforme
02 489945,Gouvernemental,Rouge,Expirée,Non conforme
03 250454,Gouvernemental,Noir,Expirée,Non conforme
104 تونس 2740,Privé,Noir,Valide,Conforme
249 تونس 8465 L,Location,Bleu,Expirée,Non conforme
01 971518,Gouvernemental,Noir,Valide,Conforme
RS 324171,Régime Spécial,Noir,Valide,Conforme
105 تونس 6020,Privé,Rouge,Valide,Conforme
18 152321,Gouvernemental,Blanc,Valide,Conforme
20 699310,Gouvernemental,Noir,Expirée,Non conforme
20 306360,Gouvernemental,Blanc,Expirée,Non conforme
RS 834167,Régime Spécial,Noir,Valide,Conforme
11 856484,Gouvernemental,Gris,Expirée,Non conforme
RS 574231,Régime Spécial,Noir,Expirée,Non conforme
19 316658,Gouvernemental,Rouge,Expirée,Non conforme
64 تونس 9614,Privé,Rouge,Valide,Conforme
31 تونس 2692 L,Location,Bleu,Expirée,Non conforme
20 920479,Gouvernemental,Rouge,Expirée,Non conforme
166 تونس 3555 L,Location,Bleu,Expirée,Non conforme
112 تونس 7770,Privé,Gris,Expirée,Non conforme
45 تونس 7903 L,Location,Rouge,Valide,Conforme
214 تونس 3319,Privé,Noir,Valide,Conforme
RS 445609,Régime Spécial,Gris,Valide,Conforme
48 تونس 1581 L,Location,Noir,Valide,Conforme
RS 690289,Régime Spécial,Blanc,Expirée,Non conforme
06 628137,Gouvernemental,Gris,Expirée,Non conforme
RS 973961,Régime Spécial,Gris,Expirée,Non conforme
RS 391012,Régime Spécial,Gris,Valide,Conforme
79 تونس 9442 L,Location,Gris,Expirée,Non conforme
132 تونس 7423 L,Location,Blanc,Valide,Conforme
RS 848333,Régime Spécial,Gris,Valide,Conforme
11 604897,Gouvernemental,Rouge,Valide,Conforme
15 414654,Gouvernemental,Gris,Valide,Conforme
RS 800228,Régime Spécial,Rouge,Valide,Conforme
144 تونس 1987 L,Location,Gris,Expirée,Non conforme
238 تونس 8916,Privé,Bleu,Valide,Conforme
19 206766,Gouvernemental,Gris,Expirée,Non conforme
16 630668,Gouvernemental,Blanc,Valide,Conforme
123 تونس 3176 L,Location,Rouge,Valide,Conforme
RS 647266,Régime Spécial,Noir,Valide,Conforme
06 945969,Gouvernemental,Bleu,Expirée,Non conforme
RS 354962,Régime Spécial,Noir,Expirée,Non conforme
RS 609381,Régime Spécial,Rouge,Valide,Conforme
98 تونس 6492 L,Location,Gris,Valide,Conforme
146 تونس 7818,Privé,Gris,Expirée,Non conforme
31 تونس 6058,Privé,Noir,Valide,Conforme
193 تونس 1339 L,Location,Rouge,Valide,Conforme
191 تونس 4988,Privé,Rouge,Valide,Conforme
163 تونس 7738,Privé,Bleu,Expirée,Non conforme
72 تونس 9503,Privé,Gris,Expirée,Non conforme
110 تونس 8685 L,Location,Noir,Valide,Conforme
RS 116238,Régime Spécial,Gris,Valide,Conforme
135 تونس 1168 L,Location,Rouge,Valide,Conforme
RS 816654,Régime Spécial,Rouge,Expirée,Non conforme
205 تونس 4590,Privé,Blanc,Expirée,Non conforme
RS 260749,Régime Spécial,Rouge,Valide,Conforme
215 تونس 4027 L,Location,Noir,Expirée,Non conforme
RS 273354,Régime Spécial,Noir,Valide,Conforme
36 تونس 9419,Privé,Noir,Valide,Conforme
RS 940074,Régime Spécial,Blanc,Valide,Conforme
216 تونس 8935 L,Location,Blanc,Valide,Conforme
113 تونس 6871 L,Location,Rouge,Valide,Conforme
16 681096,Gouvernemental,Rouge,Valide,Conforme
RS 397887,Régime Spécial,Bleu,Expirée,Non conforme
109 تونس 8564 L,Location,Gris,Valide,Conforme
17 538044,Gouvernemental,Blanc,Valide,Conforme
14 594422,Gouvernemental,Noir,Valide,Conforme
11 115384,Gouvernemental,Gris,Valide,Conforme
95 تونس 5934,Privé,Gris,Expirée,Non conforme
69 تونس 9491 L,Location,Blanc,Expirée,Non conforme
09 225843,Gouvernemental,Gris,Expirée,Non conforme
RS 416132,Régime Spécial,Rouge,Valide,Conforme
189 تونس 7661,Privé,Blanc,Valide,Conforme
RS 539742,Régime Spécial,Bleu,Expirée,Non conforme
125 تونس 4373,Privé,Noir,Valide,Conforme
137 تونس 7769,Privé,Noir,Valide,Conforme
08 783497,Gouvernemental,Noir,Valide,Conforme
219 تونس 4774,Privé,Bleu,Expirée,Non conforme
18 721638,Gouvernemental,Blanc,Valide,Conforme
RS 970681,Régime Spécial,Bleu,Expirée,Non conforme
08 929903,Gouvernemental,Noir,Expirée,Non conforme
145 تونس 3814 L,Location,Blanc,Valide,Conforme
09 242652,Gouvernemental,Rouge,Expirée,Non conforme
11 882362,Gouvernemental,Gris,Valide,Conforme
122 تونس 2168 L,Location,Blanc,Valide,Conforme
RS 392463,Régime Spécial,Rouge,Expirée,Non conforme
RS 572857,Régime Spécial,Rouge,Expirée,Non conforme
85 تونس 4031,Privé,Noir,Valide,Conforme
65 تونس 1953 L,Location,Gris,Valide,Conforme
RS 625797,Régime Spécial,Gris,Valide,Conforme
09 173978,Gouvernemental,Bleu,Valide,Conforme
74 تونس 5103,Privé,Gris,Expirée,Non conforme
137 تونس 5321,Privé,Gris,Expirée,Non conforme
10 تونس 2442,Privé,Bleu,Valide,Conforme
127 تونس 5119,Privé,Bleu,Valide,Conforme
169 تونس 4243 L,Location,Noir,Valide,Conforme
RS 821903,Régime Spécial,Rouge,Valide,Conforme
187 تونس 6597 L,Location,Noir,Valide,Conforme
06 938007,Gouvernemental,Noir,Valide,Conforme
RS 647186,Régime Spécial,Blanc,Expirée,Non conforme
RS 103424,Régime Spécial,Noir,Valide,Conforme
RS 235486,Régime Spécial,Gris,Expirée,Non conforme
14 306431,Gouvernemental,Rouge,Valide,Conforme
12 112573,Gouvernemental,Noir,Expirée,Non conforme
27 تونس 7949 L,Location,Noir,Expirée,Non conforme
RS 583899,Régime Spécial,Noir,Expirée,Non conforme
04 306645,Gouvernemental,Bleu,Expirée,Non conforme
109 تونس 5295 L,Location,Rouge,Valide,Conforme
RS 338683,Régime Spécial,Gris,Valide,Conforme
RS 502520,Régime Spécial,Blanc,Valide,Conforme
RS 915654,Régime Spécial,Bleu,Expirée,Non conforme
176 تونس 1642 L,Location,Noir,Expirée,Non conforme
RS 167246,Régime Spécial,Bleu,Valide,Conforme
123 تونس 8071,Privé,Blanc,Valide,Conforme
18 272040,Gouvernemental,Rouge,Expirée,Non conforme
84 تونس 2686 L,Location,Blanc,Expirée,Non conforme
20 تونس 3068,Privé,Blanc,Expirée,Non conforme
RS 480619,Régime Spécial,Noir,Valide,Conforme
RS 370517,Régime Spécial,Gris,Expirée,Non conforme
RS 979665,Régime Spécial,Rouge,Expirée,Non conforme
06 720927,Gouvernemental,Blanc,Valide,Conforme
248 تونس 4773 L,Location,Bleu,Valide,Conforme
108 تونس 3571,Privé,Gris,Expirée,Non conforme
32 تونس 1540,Privé,Gris,Expirée,Non conforme
86 تونس 7683 L,Location,Rouge,Expirée,Non conforme
RS 876313,Régime Spécial,Gris,Valide,Conforme
182 تونس 6256 L,Location,Noir,Valide,Conforme
RS 644749,Régime Spécial,Noir,Expirée,Non conforme
214 تونس 2053 L,Location,Blanc,Valide,Conforme
200 تونس 9711,Privé,Gris,Valide,Conforme
08 645849,Gouvernemental,Gris,Expirée,Non conforme
56 تونس 8559 L,Location,Bleu,Valide,Conforme
RS 765293,Régime Spécial,Gris,Valide,Conforme
16 893771,Gouvernemental,Bleu,Expirée,Non conforme
05 601181,Gouvernemental,Rouge,Valide,Conforme
161 تونس 1264,Privé,Noir,Expirée,Non conforme
89 تونس 1936,Privé,Noir,Expirée,Non conforme
14 573191,Gouvernemental,Bleu,Expirée,Non conforme
RS 821475,Régime Spécial,Gris,Valide,Conforme
37 تونس 4634,Privé,Rouge,Valide,Conforme
RS 664326,Régime Spécial,Blanc,Valide,Conforme
241 تونس 2132 L,Location,Blanc,Valide,Conforme
19 621390,Gouvernemental,Gris,Valide,Conforme
RS 154378,Régime Spécial,Bleu,Valide,Conforme
RS 762181,Régime Spécial,Bleu,Expirée,Non conforme
72 تونس 8590,Privé,Blanc,Expirée,Non conforme
196 تونس 5599 L,Location,Blanc,Expirée,Non conforme
RS 218942,Régime Spécial,Bleu,Valide,Conforme
85 تونس 8541 L,Location,Noir,Expirée,Non conforme
17 104523,Gouvernemental,Bleu,Valide,Conforme
17 474852,Gouvernemental,Rouge,Valide,Conforme
80 تونس 4210,Privé,Blanc,Valide,Conforme
RS 287931,Régime Spécial,Rouge,Expirée,Non conforme
30 تونس 9871,Privé,Gris,Valide,Conforme
02 364917,Gouvernemental,Bleu,Expirée,Non conforme
RS 826819,Régime Spécial,Noir,Valide,Conforme
RS 758275,Régime Spécial,Gris,Valide,Conforme
71 تونس 3908 L,Location,Blanc,Valide,Conforme
13 207798,Gouvernemental,Rouge,Valide,Conforme
130 تونس 7237,Privé,Rouge,Valide,Conforme
120 تونس 3018,Privé,Noir,Valide,Conforme
229 تونس 5170 L,Location,Noir,Expirée,Non conforme
RS 868388,Régime Spécial,Blanc,Expirée,Non conforme
RS 726672,Régime Spécial,Noir,Expirée,Non conforme
109 تونس 4251,Privé,Noir,Valide,Conforme
200 تونس 5383,Privé,Rouge,Expirée,Non conforme
RS 846212,Régime Spécial,Gris,Expirée,Non conforme
31 تونس 1105,Privé,Rouge,Expirée,Non conforme
16 465297,Gouvernemental,Rouge,Valide,Conforme
134 تونس 6207,Privé,Bleu,Expirée,Non conforme
14 429340,Gouvernemental,Bleu,Valide,Conforme
RS 690846,Régime Spécial,Noir,Valide,Conforme
RS 512565,Régime Spécial,Blanc,Valide,Conforme
20 631475,Gouvernemental,Rouge,Expirée,Non conforme
RS 980999,Régime Spécial,Rouge,Valide,Conforme
235 تونس 9427 L,Location,Bleu,Expirée,Non conforme
RS 439824,Régime Spécial,Rouge,Expirée,Non conforme
11 237665,Gouvernemental,Blanc,Expirée,Non conforme
208 تونس 8075,Privé,Gris,Valide,Conforme
215 تونس 6098,Privé,Noir,Expirée,Non conforme
28 تونس 1366 L,Location,Bleu,Valide,Conforme
RS 937704,Régime Spécial,Blanc,Expirée,Non conforme
11 709847,Gouvernemental,Bleu,Expirée,Non conforme
02 412015,Gouvernemental,Noir,Expirée,Non conforme
39 تونس 9121,Privé,Bleu,Valide,Conforme
35 تونس 7492 L,Location,Blanc,Expirée,Non conforme
33 تونس 8653 L,Location,Bleu,Expirée,Non conforme
RS 608817,Régime Spécial,Noir,Valide,Conforme
223 تونس 9926 L,Location,Bleu,Expirée,Non conforme
RS 557796,Régime Spécial,Rouge,Expirée,Non conforme
145 تونس 9530 L,Location,Blanc,Valide,Conforme
RS 413380,Régime Spécial,Bleu,Expirée,Non conforme
164 تونس 4886 L,Location,Gris,Expirée,Non conforme
176 تونس 4704,Privé,Noir,Expirée,Non conforme
RS 984051,Régime Spécial,Noir,Valide,Conforme
RS 189186,Régime Spécial,Noir,Expirée,Non conforme
18 549732,Gouvernemental,Rouge,Valide,Conforme
38 تونس 3125 L,Location,Rouge,Valide,Conforme
03 810577,Gouvernemental,Blanc,Valide,Conforme
132 تونس 8918,Privé,Bleu,Valide,Conforme
01 633432,Gouvernemental,Gris,Valide,Conforme
08 962412,Gouvernemental,Noir,Expirée,Non conforme
124 تونس 5723 L,Location,Gris,Valide,Conforme
09 311459,Gouvernemental,Rouge,Expirée,Non conforme
30 تونس 4939 L,Location,Gris,Expirée,Non conforme
233 تونس 6839 L,Location,Blanc,Valide,Conforme
144 تونس 3541 L,Location,Bleu,Valide,Conforme
250 تونس 7738,Privé,Bleu,Valide,Conforme
RS 753956,Régime Spécial,Blanc,Expirée,Non conforme
RS 455437,Régime Spécial,Noir,Valide,Conforme
160 تونس 9725 L,Location,Blanc,Expirée,Non conforme
152 تونس 4221,Privé,Rouge,Valide,Conforme
05 615311,Gouvernemental,Rouge,Expirée,Non conforme
57 تونس 7821 L,Location,Blanc,Valide,Conforme
06 420156,Gouvernemental,Rouge,Expirée,Non conforme
166 تونس 7416,Privé,Blanc,Valide,Conforme
10 903574,Gouvernemental,Blanc,Valide,Conforme
02 252922,Gouvernemental,Gris,Expirée,Non conforme
02 692948,Gouvernemental,Gris,Valide,Conforme
RS 310230,Régime Spécial,Bleu,Valide,Conforme
RS 274208,Régime Spécial,Noir,Expirée,Non conforme
17 تونس 1356 L,Location,Rouge,Expirée,Non conforme
72 تونس 9849,Privé,Blanc,Valide,Conforme
50 تونس 1447 L,Location,Gris,Valide,Conforme
230 تونس 8603 L,Location,Blanc,Expirée,Non conforme
34 تونس 7216,Privé,Rouge,Valide,Conforme
114 تونس 7504 L,Location,Bleu,Expirée,Non conforme
RS 886415,Régime Spécial,Noir,Expirée,Non conforme
119 تونس 4402,Privé,Noir,Expirée,Non conforme
19 تونس 4822 L,Location,Rouge,Expirée,Non conforme
RS 617624,Régime Spécial,Rouge,Expirée,Non conforme
44 تونس 3549 L,Location,Bleu,Valide,Conforme
17 894894,Gouvernemental,Bleu,Valide,Conforme
92 تونس 2909,Privé,Bleu,Valide,Conforme
07 212196,Gouvernemental,Rouge,Expirée,Non conforme
05 881773,Gouvernemental,Rouge,Valide,Conforme
85 تونس 1631,Privé,Rouge,Expirée,Non conforme
RS 872525,Régime Spécial,Rouge,Expirée,Non conforme
31 تونس 5412,Privé,Bleu,Valide,Conforme
197 تونس 5078,Privé,Blanc,Expirée,Non conforme
RS 275246,Régime Spécial,Blanc,Valide,Conforme
RS 702274,Régime Spécial,Bleu,Valide,Conforme
02 284218,Gouvernemental,Rouge,Expirée,Non conforme
42 تونس 7913,Privé,Gris,Expirée,Non conforme
RS 629403,Régime Spécial,Noir,Valide,Conforme
10 تونس 7711 L,Location,Blanc,Valide,Conforme
09 122430,Gouvernemental,Gris,Expirée,Non conforme
35 تونس 5145 L,Location,Bleu,Valide,Conforme
18 183570,Gouvernemental,Gris,Expirée,Non conforme
RS 347238,Régime Spécial,Gris,Valide,Conforme
13 849713,Gouvernemental,Noir,Expirée,Non conforme
RS 374702,Régime Spécial,Noir,Valide,Conforme
203 تونس 1882,Privé,Bleu,Expirée,Non conforme
185 تونس 3332,Privé,Rouge,Expirée,Non conforme
12 229551,Gouvernemental,Bleu,Valide,Conforme
168 تونس 2413,Privé,Bleu,Expirée,Non conforme
08 600063,Gouvernemental,Blanc,Expirée,Non conforme
69 تونس 7362 L,Location,Rouge,Expirée,Non conforme
RS 969376,Régime Spécial,Rouge,Expirée,Non conforme
09 797195,Gouvernemental,Blanc,Valide,Conforme
03 257137,Gouvernemental,Rouge,Valide,Conforme
151 تونس 7515 L,Location,Noir,Valide,Conforme
181 تونس 2434,Privé,Blanc,Expirée,Non conforme
221 تونس 3832,Privé,Gris,Expirée,Non conforme
73 تونس 4427 L,Location,Gris,Valide,Conforme
236 تونس 9018,Privé,Bleu,Valide,Conforme
